year,duration,NAR,block,treat,NP,np,NR,ESNpie,beta,gamma,ANPP,BNPP,PAR
2018,1,5,1,1,1,N1P0,4,2.684079905,0.3461836,37,473.55,93.54,5.497080483
2018,1,3,1,3,2,N1P1,1,1.925064126,0.3624324,30,495.13,220.87,3.305301081
2018,1,6,1,3,2,N1P1,4,1.880845799,0.347882,34,547.3,236.46,4.10815306
2018,1,2,1,2,0,N0P0,2,3.492754872,0.4957668,36,215.7,129.92,25.57791649
2018,1,0,1,1,0,N0P0,0,2.280495307,0.465286,35,219.11,122.13,14.81880235
2018,1,6,1,1,1,N1P0,5,2.436445049,0.2764948,33,459.78,135.12,12.73974661
2018,1,7,1,1,1,N1P0,6,2.738554325,0.3706993,32,436.71,171.5,4.201913017
2018,1,4,1,2,2,N1P1,2,2.393623989,0.3546351,34,578.07,317.01,1.578276472
2018,1,5,1,2,1,N1P0,4,2.414516466,0.3771006,36,504.18,155.91,7.346083924
2018,1,5,1,3,2,N1P1,3,2.34913427,0.3425738,34,445.58,202.68,3.778217908
2018,1,2,1,1,0,N0P0,2,3.668624145,0.3574102,41,208.25,150.71,31.0979111
2018,1,7,1,3,2,N1P1,5,1.95094339,0.3219846,28,433.42,127.32,9.244980937
2018,1,2,1,3,2,N1P1,0,2.291041018,0.4092136,35,416.91,491.11,2.629300399
2018,1,4,1,3,1,N1P0,3,2.66157131,0.4539542,38,414.67,163.7,10.57800811
2018,1,6,1,2,2,N1P1,4,2.403691752,0.326171,34,503.39,228.66,1.784221626
2018,1,0,1,2,0,N0P0,0,3.271178419,0.4307963,35,217.18,140.32,41.13296155
2018,1,3,1,2,0,N0P0,3,3.102286635,0.4678124,43,212.81,85.75,29.39098912
2018,1,7,1,2,2,N1P1,5,2.173977992,0.4244918,34,501.38,192.29,1.046899498
2018,1,8,1,3,2,N1P1,6,2.350268991,0.3517933,29,454.67,296.22,5.079228243
2018,1,4,1,1,0,N0P0,4,3.569966709,0.3554874,37,320.83,270.24,10.57690544
2018,1,3,1,1,0,N0P0,3,3.294576304,0.3246816,39,174.81,101.34,43.26017542
2018,1,7,2,1,1,N1P0,6,4.337224145,0.3706993,32,432.91,80.55,4.563766272
2018,1,2,2,2,0,N0P0,2,5.213852087,0.4957668,36,280.32,179.29,20.22700238
2018,1,3,2,1,0,N0P0,3,3.639097744,0.3246816,39,209.41,168.9,34.17263919
2018,1,5,2,3,2,N1P1,3,1.990698935,0.3425738,34,488.43,127.32,1.954564659
2018,1,8,2,3,2,N1P1,6,2.331690881,0.3517933,29,464.78,236.46,1.879662979
2018,1,0,2,1,0,N0P0,0,2.774772942,0.465286,35,309.65,155.91,25.43024573
2018,1,5,2,1,1,N1P0,4,2.591564487,0.3461836,37,519.94,213.07,2.256498283
2018,1,4,2,3,1,N1P0,3,2.447116025,0.4539542,38,452.39,96.14,13.079066
2018,1,7,2,2,2,N1P1,5,2.670965798,0.4244918,34,547.95,132.52,2.48601582
2018,1,5,2,2,1,N1P0,4,2.153278465,0.3771006,36,462.34,239.06,6.226670106
2018,1,6,2,1,1,N1P0,5,2.423925185,0.2764948,33,432.48,155.91,5.851012483
2018,1,4,2,2,2,N1P1,2,1.798170651,0.3546351,34,466.92,304.02,2.321032643
2018,1,3,2,2,0,N0P0,3,2.290440592,0.4678124,43,241.8,249.45,37.36137626
2018,1,7,2,3,2,N1P1,5,2.086323677,0.3219846,28,591.17,140.32,1.965995801
2018,1,3,2,3,2,N1P1,1,1.629911899,0.3624324,30,458.38,280.63,2.952531249
2018,1,6,2,2,2,N1P1,4,1.974974149,0.326171,34,525.06,129.92,3.960050826
2018,1,0,2,2,0,N0P0,0,1.995918147,0.4307963,35,181.29,98.74,32.1206329
2018,1,4,2,1,0,N0P0,4,2.148192964,0.3554874,37,192.53,116.93,20.3073627
2018,1,2,2,1,0,N0P0,2,3.416254108,0.3574102,41,223.27,228.66,30.73448406
2018,1,2,2,3,2,N1P1,0,2.178609485,0.4092136,35,434.08,207.88,6.199386566
2018,1,6,2,3,2,N1P1,4,1.984561111,0.347882,34,524.79,181.89,4.524396999
2018,1,7,3,2,2,N1P1,5,2.385324697,0.4244918,34,525.99,207.88,1.495862376
2018,1,5,3,2,1,N1P0,4,2.259990982,0.3771006,36,418.26,192.29,5.306854397
2018,1,5,3,3,2,N1P1,3,1.771813838,0.3425738,34,494.43,192.29,2.265842087
2018,1,2,3,1,0,N0P0,2,2.590025584,0.3574102,41,217.84,64.96,28.75047757
2018,1,4,3,3,1,N1P0,3,2.409469188,0.4539542,38,367.48,158.51,17.65750538
2018,1,0,3,1,0,N0P0,0,2.371806057,0.465286,35,231.06,114.33,34.09763561
2018,1,7,3,1,1,N1P0,6,2.339213142,0.3706993,32,457.67,77.95,3.440846245
2018,1,6,3,2,2,N1P1,4,3.097812198,0.326171,34,645.69,324.81,2.432634164
2018,1,0,3,2,0,N0P0,0,3.14265144,0.4307963,35,216.47,106.54,44.64485962
2018,1,3,3,1,0,N0P0,3,2.770531994,0.3246816,39,224.3,83.15,25.93455785
2018,1,8,3,3,2,N1P1,6,2.552421535,0.3517933,29,663.09,122.13,3.126862891
2018,1,2,3,2,0,N0P0,2,2.526451893,0.4957668,36,251.3,155.91,31.44196537
2018,1,5,3,1,1,N1P0,4,2.281888287,0.3461836,37,443.29,194.88,8.07896812
2018,1,3,3,3,2,N1P1,1,2.320675,0.3624324,30,516.26,439.14,3.694883958
2018,1,4,3,1,0,N0P0,4,2.991295307,0.3554874,37,195,166.3,27.09073038
2018,1,3,3,2,0,N0P0,3,2.861798033,0.4678124,43,203.8,98.74,31.74792531
2018,1,6,3,1,1,N1P0,5,2.420523703,0.2764948,33,456.03,137.72,3.858339198
2018,1,4,3,2,2,N1P1,2,2.420312373,0.3546351,34,604.49,57.17,2.733842538
2018,1,7,3,3,2,N1P1,5,2.01329205,0.3219846,28,516.78,194.88,2.246003737
2018,1,2,3,3,2,N1P1,0,2.088415647,0.4092136,35,582.82,350.79,3.665973519
2018,1,6,3,3,2,N1P1,4,2.272727273,0.347882,34,515.49,98.74,2.764104934
2018,1,0,4,2,0,N0P0,0,3.218940147,0.4307963,35,229.31,20.79,28.9561452
2018,1,3,4,1,0,N0P0,3,3.758686706,0.3246816,39,280.24,179.29,14.59541835
2018,1,6,4,2,2,N1P1,4,1.727380518,0.326171,34,578.25,166.3,2.255360019
2018,1,6,4,3,2,N1P1,4,2.276153095,0.347882,34,612.56,129.92,1.761385929
2018,1,0,4,1,0,N0P0,0,3.523692085,0.465286,35,268.3,109.13,28.76025959
2018,1,3,4,3,2,N1P1,1,2.942102574,0.3624324,30,567.53,205.28,4.423239948
2018,1,5,4,3,2,N1P1,3,3.037258859,0.3425738,34,537.91,176.69,1.248857908
2018,1,4,4,2,2,N1P1,2,1.934910121,0.3546351,34,507.28,135.12,1.509998171
2018,1,8,4,3,2,N1P1,6,2.313047396,0.3517933,29,493.53,168.9,1.717879091
2018,1,6,4,1,1,N1P0,5,2.410497096,0.2764948,33,396.62,280.63,9.827918882
2018,1,5,4,1,1,N1P0,4,2.506661934,0.3461836,37,455.51,38.98,8.089508128
2018,1,7,4,2,2,N1P1,5,2.889644793,0.4244918,34,515.63,124.73,2.955491882
2018,1,4,4,1,0,N0P0,4,4.620184983,0.3554874,37,242.03,200.08,31.76381811
2018,1,3,4,2,0,N0P0,3,3.366263697,0.4678124,43,233.12,252.05,34.80831454
2018,1,4,4,3,1,N1P0,3,2.705754203,0.4539542,38,579.43,148.11,2.721401469
2018,1,2,4,3,2,N1P1,0,1.96361961,0.4092136,35,552.75,236.46,3.37308925
2018,1,7,4,3,2,N1P1,5,2.57568926,0.3219846,28,644.87,111.73,2.488928785
2018,1,5,4,2,1,N1P0,4,2.165590382,0.3771006,36,562.32,187.09,6.068581279
2018,1,2,4,1,0,N0P0,2,2.991267257,0.3574102,41,263.25,98.74,26.62814964
2018,1,2,4,2,0,N0P0,2,4.570321014,0.4957668,36,247.15,77.95,39.25786831
2018,1,7,4,1,1,N1P0,6,2.702331703,0.3706993,32,467.27,150.71,8.888778845
2018,1,5,5,1,1,N1P0,4,2.64428554,0.3461836,37,487.4,148.11,8.567518985
2018,1,4,5,2,2,N1P1,2,1.934836241,0.3546351,34,461.85,127.32,2.088819907
2018,1,2,5,2,0,N0P0,2,3.659650967,0.4957668,36,216.45,153.31,29.60054295
2018,1,0,5,2,0,N0P0,0,3.542295306,0.4307963,35,218.31,197.48,29.68234942
2018,1,0,5,1,0,N0P0,0,3.71093657,0.465286,35,234.26,228.66,34.38726269
2018,1,3,5,3,2,N1P1,1,2.12276443,0.3624324,30,434.33,213.07,2.746036494
2018,1,4,5,1,0,N0P0,4,2.711392173,0.3554874,37,195.81,179.29,23.2880978
2018,1,7,5,1,1,N1P0,6,1.751341807,0.3706993,32,406.54,140.32,7.643429565
2018,1,7,5,3,2,N1P1,5,1.861700383,0.3219846,28,502.44,231.26,2.366965636
2018,1,8,5,3,2,N1P1,6,1.392930808,0.3517933,29,501.53,90.95,1.180902006
2018,1,2,5,3,2,N1P1,0,2.699778084,0.4092136,35,443.18,236.46,3.911539969
2018,1,4,5,3,1,N1P0,3,2.359483818,0.4539542,38,526.71,127.32,6.282929243
2018,1,3,5,1,0,N0P0,3,3.117162324,0.3246816,39,181.51,98.74,30.68628923
2018,1,6,5,3,2,N1P1,4,1.764869054,0.347882,34,600.39,270.24,4.148162589
2018,1,2,5,1,0,N0P0,2,2.953219756,0.3574102,41,376.91,163.7,40.51927921
2018,1,6,5,1,1,N1P0,5,2.131122788,0.2764948,33,543.11,132.52,5.234197095
2018,1,5,5,2,1,N1P0,4,1.950374465,0.3771006,36,587.51,103.94,2.323871007
2018,1,7,5,2,2,N1P1,5,1.994484859,0.4244918,34,591.96,96.14,1.000292284
2018,1,5,5,3,2,N1P1,3,3.012624889,0.3425738,34,500.86,124.73,1.743696261
2018,1,6,5,2,2,N1P1,4,2.361249617,0.326171,34,523.68,314.41,2.072771916
2018,1,3,5,2,0,N0P0,3,4.110463105,0.4678124,43,328.5,153.31,24.47980296
2019,2,5,1,1,1,N1P0,4,2.225573244,0.1836623,33,187.09,25.98,41.14
2019,2,3,1,3,2,N1P1,1,1.473045522,0.2429606,22,270.21,148.11,16.42
2019,2,6,1,3,2,N1P1,4,1.258623917,0.2045379,20,227.63,244.25,11.67
2019,2,2,1,2,0,N0P0,2,4.072854775,0.3422748,31,102.15,75.35,71.44
2019,2,0,1,1,0,N0P0,0,1.937824144,0.3314068,26,86.59,189.69,37.99
2019,2,6,1,1,1,N1P0,5,1.940549309,0.3501989,23,164.03,103.94,35.68
2019,2,7,1,1,1,N1P0,6,1.37144885,0.2960726,31,201.95,207.88,33.18
2019,2,4,1,2,2,N1P1,2,1.535258278,0.2973093,27,253.04,171.5,24.58
2019,2,5,1,2,1,N1P0,4,1.632384844,0.2621272,32,188.47,80.55,37.62
2019,2,5,1,3,2,N1P1,3,1.26921955,0.1414154,28,306.38,166.3,18.38
2019,2,2,1,1,0,N0P0,2,2.4898564,0.3624168,36,135.21,98.74,61.68
2019,2,7,1,3,2,N1P1,5,1.415132729,0.1133403,23,301.45,220.87,18.2
2019,2,2,1,3,2,N1P1,0,1.527339621,0.2230216,27,276.08,192.29,24.26
2019,2,4,1,3,1,N1P0,3,1.483228368,0.2615443,30,212.31,171.5,40.51
2019,2,6,1,2,2,N1P1,4,1.817872498,0.3216812,25,269.12,254.65,12.08
2019,2,0,1,2,0,N0P0,0,2.909048662,0.3755059,32,128.4,83.15,47.65
2019,2,3,1,2,0,N0P0,3,2.282517898,0.4074454,29,127.49,20.79,56.79
2019,2,7,1,2,2,N1P1,5,1.459232921,0.1553819,23,310.88,111.73,18.12
2019,2,8,1,3,2,N1P1,6,1.643588878,0.181618,26,302.24,109.13,8.4
2019,2,4,1,1,0,N0P0,4,2.195142807,0.3009041,32,121.28,161.1,46.05
2019,2,3,1,1,0,N0P0,3,3.604041092,0.335849,31,144.73,54.57,63.96
2019,2,7,2,1,1,N1P0,6,2.682875919,0.2960726,31,206.37,116.93,30.14
2019,2,2,2,2,0,N0P0,2,4.779495437,0.3422748,31,130.77,129.92,51.11
2019,2,3,2,1,0,N0P0,3,2.400011704,0.335849,31,163,166.3,81.57
2019,2,5,2,3,2,N1P1,3,1.611955479,0.1414154,28,332.82,233.86,22.32
2019,2,8,2,3,2,N1P1,6,2.380247117,0.181618,26,327.19,166.3,21.1
2019,2,0,2,1,0,N0P0,0,2.174375904,0.3314068,26,130.21,90.95,37.1
2019,2,5,2,1,1,N1P0,4,1.940192549,0.1836623,33,180.64,25.98,17.85
2019,2,4,2,3,1,N1P0,3,2.195545688,0.2615443,30,187.62,111.73,34.8
2019,2,7,2,2,2,N1P1,5,1.694850714,0.1553819,23,352.2,197.48,8.39
2019,2,5,2,2,1,N1P0,4,1.65379897,0.2621272,32,231.13,153.31,25.27
2019,2,6,2,1,1,N1P0,5,1.926760321,0.3501989,23,143.65,103.94,24.94
2019,2,4,2,2,2,N1P1,2,1.816958461,0.2973093,27,238.26,155.91,22.82
2019,2,3,2,2,0,N0P0,3,2.417082979,0.4074454,29,99.68,85.75,49.72
2019,2,7,2,3,2,N1P1,5,1.158193756,0.1133403,23,318.81,90.95,6.52
2019,2,3,2,3,2,N1P1,1,2.009042641,0.2429606,22,368.47,163.7,6.03
2019,2,6,2,2,2,N1P1,4,2.884989343,0.3216812,25,237.71,332.6,6.47
2019,2,0,2,2,0,N0P0,0,2.522128081,0.3755059,32,131.91,103.94,50.69
2019,2,4,2,1,0,N0P0,4,2.61088218,0.3009041,32,113.9,200.08,49.65
2019,2,2,2,1,0,N0P0,2,4.495867893,0.3624168,36,101.98,70.16,71.9
2019,2,2,2,3,2,N1P1,0,1.65710975,0.2230216,27,260.55,184.49,16.79
2019,2,6,2,3,2,N1P1,4,1.267713204,0.2045379,20,277.27,202.68,13.32
2019,2,7,3,2,2,N1P1,5,1.175661349,0.1553819,23,314.76,270.24,14.01
2019,2,5,3,2,1,N1P0,4,1.377332938,0.2621272,32,236.78,114.33,31.5
2019,2,5,3,3,2,N1P1,3,1.889404463,0.1414154,28,267.49,67.56,16.97
2019,2,2,3,1,0,N0P0,2,3.280011013,0.3624168,36,171.98,59.76,46.84
2019,2,4,3,3,1,N1P0,3,2.45784488,0.2615443,30,199.35,192.29,49.77
2019,2,0,3,1,0,N0P0,0,2.437627589,0.3314068,26,91.6,62.36,55.82
2019,2,7,3,1,1,N1P0,6,1.592668505,0.2960726,31,241.49,57.17,20.95
2019,2,6,3,2,2,N1P1,4,1.209263083,0.3216812,25,303.05,161.1,14.28
2019,2,0,3,2,0,N0P0,0,2.710644157,0.3755059,32,120.68,31.18,55.52
2019,2,3,3,1,0,N0P0,3,2.770807291,0.335849,31,109.15,75.35,67.03
2019,2,8,3,3,2,N1P1,6,1.408612332,0.181618,26,315.86,194.88,11.07
2019,2,2,3,2,0,N0P0,2,4.173713321,0.3422748,31,109.43,59.76,76.33
2019,2,5,3,1,1,N1P0,4,2.497734766,0.1836623,33,170.44,64.96,52.34
2019,2,3,3,3,2,N1P1,1,1.256365743,0.2429606,22,254.97,189.69,20.9
2019,2,4,3,1,0,N0P0,4,3.221484993,0.3009041,32,145.89,51.97,43.93
2019,2,3,3,2,0,N0P0,3,3.287784584,0.4074454,29,131.89,137.72,48.43
2019,2,6,3,1,1,N1P0,5,1.239821332,0.3501989,23,259.77,140.32,20.97
2019,2,4,3,2,2,N1P1,2,1.483469765,0.2973093,27,246.68,148.11,19.33
2019,2,7,3,3,2,N1P1,5,1.199703236,0.1133403,23,343.4,192.29,9.98
2019,2,2,3,3,2,N1P1,0,1.850042239,0.2230216,27,295.33,207.88,26.13
2019,2,6,3,3,2,N1P1,4,1.457491679,0.2045379,20,253.68,293.62,23.02
2019,2,0,4,2,0,N0P0,0,4.832987212,0.3755059,32,113.23,135.12,58.06
2019,2,3,4,1,0,N0P0,3,3.642632992,0.335849,31,133.33,98.74,58.71
2019,2,6,4,2,2,N1P1,4,1.144475414,0.3216812,25,369,257.25,7.82
2019,2,6,4,3,2,N1P1,4,1.054463143,0.2045379,20,368.53,283.23,11.71
2019,2,0,4,1,0,N0P0,0,3.56113743,0.3314068,26,105.03,161.1,34.15
2019,2,3,4,3,2,N1P1,1,1.475204522,0.2429606,22,257.53,62.36,11.86
2019,2,5,4,3,2,N1P1,3,1.398376218,0.1414154,28,253.93,127.32,16.98
2019,2,4,4,2,2,N1P1,2,1.182750811,0.2973093,27,361.2,306.62,9.15
2019,2,8,4,3,2,N1P1,6,1.236137959,0.181618,26,417.29,187.09,6.46
2019,2,6,4,1,1,N1P0,5,1.399621682,0.3501989,23,216.39,72.76,28.18
2019,2,5,4,1,1,N1P0,4,1.928087019,0.1836623,33,193.44,246.85,20.44
2019,2,7,4,2,2,N1P1,5,1.281143452,0.1553819,23,369.38,327.4,12.38
2019,2,4,4,1,0,N0P0,4,3.817108083,0.3009041,32,119.88,96.14,62.25
2019,2,3,4,2,0,N0P0,3,4.52606945,0.4074454,29,116.07,101.34,72.21
2019,2,4,4,3,1,N1P0,3,1.995662158,0.2615443,30,217.47,187.09,38.68
2019,2,2,4,3,2,N1P1,0,1.287912791,0.2230216,27,210.82,283.23,7.32
2019,2,7,4,3,2,N1P1,5,1.103753734,0.1133403,23,333.53,205.28,11.47
2019,2,5,4,2,1,N1P0,4,2.564056693,0.2621272,32,199.23,114.33,22.57
2019,2,2,4,1,0,N0P0,2,2.255512696,0.3624168,36,132.65,54.57,57.66
2019,2,2,4,2,0,N0P0,2,4.321957009,0.3422748,31,122.07,54.57,64.24
2019,2,7,4,1,1,N1P0,6,1.630960577,0.2960726,31,239.75,137.72,35.24
2019,2,5,5,1,1,N1P0,4,1.831237819,0.1836623,33,215.03,400.16,29.42
2019,2,4,5,2,2,N1P1,2,1.130468372,0.2973093,27,384.87,101.34,12.02
2019,2,2,5,2,0,N0P0,2,3.102409959,0.3422748,31,132.89,101.34,61.98
2019,2,0,5,2,0,N0P0,0,3.767038469,0.3755059,32,93.1,25.98,62.77
2019,2,0,5,1,0,N0P0,0,3.937123299,0.3314068,26,167.23,142.91,45.67
2019,2,3,5,3,2,N1P1,1,1.054766154,0.2429606,22,401.97,187.09,14.25
2019,2,4,5,1,0,N0P0,4,1.941585425,0.3009041,32,130.1,98.74,62.38
2019,2,7,5,1,1,N1P0,6,1.551293812,0.2960726,31,235.82,135.12,21.45
2019,2,7,5,3,2,N1P1,5,1.074257206,0.1133403,23,365.05,262.44,6.1
2019,2,8,5,3,2,N1P1,6,1.054446575,0.181618,26,283.1,288.43,8.44
2019,2,2,5,3,2,N1P1,0,1.503583507,0.2230216,27,338.73,197.48,14.13
2019,2,4,5,3,1,N1P0,3,1.330537947,0.2615443,30,233.67,179.29,41.33
2019,2,3,5,1,0,N0P0,3,2.82512441,0.335849,31,133.62,265.04,48.43
2019,2,6,5,3,2,N1P1,4,1.103568538,0.2045379,20,326.08,252.05,9.3
2019,2,2,5,1,0,N0P0,2,2.766244274,0.3624168,36,140.5,132.52,47.35
2019,2,6,5,1,1,N1P0,5,1.617157431,0.3501989,23,366,155.91,27.5
2019,2,5,5,2,1,N1P0,4,1.480074802,0.2621272,32,286.57,67.56,29.48
2019,2,7,5,2,2,N1P1,5,1.958909199,0.1553819,23,352.11,309.22,11.78
2019,2,5,5,3,2,N1P1,3,1.409132283,0.1414154,28,303.36,202.68,10.97
2019,2,6,5,2,2,N1P1,4,1.422630791,0.3216812,25,345.72,283.23,9.36
2019,2,3,5,2,0,N0P0,3,3.202830713,0.4074454,29,133.15,96.14,48.09
2020,3,5,1,1,1,N1P0,4,2.150538556,0.3705701,32,120.6,75.35,32.62
2020,3,3,1,3,2,N1P1,1,1.377661566,0.3248435,29,161.73,88.35,25.82
2020,3,6,1,3,2,N1P1,4,1.384145751,0.3808058,25,181.94,127.32,25.45
2020,3,2,1,2,0,N0P0,2,3.839862492,0.2966146,38,166.41,88.35,44.12
2020,3,0,1,1,0,N0P0,0,2.739665705,0.2580695,33,214.28,161.1,24.96
2020,3,6,1,1,1,N1P0,5,2.734820717,0.3006646,25,143.18,41.58,33.82
2020,3,7,1,1,1,N1P0,6,1.143606307,0.3786252,28,161.76,98.74,19.38
2020,3,4,1,2,2,N1P1,2,1.502569991,0.1909716,27,242.14,62.36,13
2020,3,5,1,2,1,N1P0,4,2.090618584,0.2675955,28,251.7,31.18,14.88
2020,3,5,1,3,2,N1P1,3,1.629269396,0.2538364,24,261.06,135.12,9.1
2020,3,2,1,1,0,N0P0,2,4.276086451,0.3642129,42,214.18,57.17,35.06
2020,3,7,1,3,2,N1P1,5,1.376400563,0.3233501,26,199.3,119.53,11.76
2020,3,2,1,3,2,N1P1,0,1.376530431,0.3307042,29,157.35,51.97,28.04
2020,3,4,1,3,1,N1P0,3,1.433990961,0.1591422,30,195.3,28.58,16.93
2020,3,6,1,2,2,N1P1,4,1.469915742,0.3736301,22,149.56,85.75,31.22
2020,3,0,1,2,0,N0P0,0,2.411136309,0.4475146,36,207.57,140.32,42.82
2020,3,3,1,2,0,N0P0,3,3.272766499,0.2814538,41,189.1,15.59,38.43
2020,3,7,1,2,2,N1P1,5,1.254096835,0.4341098,27,146.79,46.77,12.33
2020,3,8,1,3,2,N1P1,6,1.13681838,0.3975384,22,170.19,46.77,19.35
2020,3,4,1,1,0,N0P0,4,2.992411478,0.3129501,37,217.29,54.57,34.02
2020,3,3,1,1,0,N0P0,3,3.926874468,0.3488697,32,186.18,49.37,46.97
2020,3,7,2,1,1,N1P0,6,1.93309621,0.3786252,28,205.59,18.19,23.41
2020,3,2,2,2,0,N0P0,2,3.750955146,0.2966146,38,201.65,179.29,34.66
2020,3,3,2,1,0,N0P0,3,3.984661358,0.3488697,32,226.56,72.76,30.4
2020,3,5,2,3,2,N1P1,3,1.10421361,0.2538364,24,171.08,306.62,4.11
2020,3,8,2,3,2,N1P1,6,1.546010117,0.3975384,22,95.76,218.27,37.84
2020,3,0,2,1,0,N0P0,0,2.209255701,0.2580695,33,194.09,44.17,32.3
2020,3,5,2,1,1,N1P0,4,1.471136662,0.3705701,32,184.95,10.39,18.14
2020,3,4,2,3,1,N1P0,3,1.625606886,0.1591422,30,304.76,116.93,13.14
2020,3,7,2,2,2,N1P1,5,1.275112288,0.4341098,27,361.41,20.79,8.33
2020,3,5,2,2,1,N1P0,4,1.101933358,0.2675955,28,261.7,5.2,6.78
2020,3,6,2,1,1,N1P0,5,1.347030099,0.3006646,25,246.43,33.78,20.68
2020,3,4,2,2,2,N1P1,2,1.304851654,0.1909716,27,197.25,101.34,17.98
2020,3,3,2,2,0,N0P0,3,3.088344444,0.2814538,41,175.18,109.13,47.25
2020,3,7,2,3,2,N1P1,5,1.32168352,0.3233501,26,149.81,38.98,10.13
2020,3,3,2,3,2,N1P1,1,1.148259361,0.3248435,29,315.34,168.9,20.8
2020,3,6,2,2,2,N1P1,4,1.087234236,0.3736301,22,156.38,67.56,24.87
2020,3,0,2,2,0,N0P0,0,3.122455586,0.4475146,36,191.11,207.88,42.46
2020,3,4,2,1,0,N0P0,4,2.550884703,0.3129501,37,187.63,93.54,44.96
2020,3,2,2,1,0,N0P0,2,4.486559371,0.3642129,42,197.47,62.36,44.26
2020,3,2,2,3,2,N1P1,0,1.391028977,0.3307042,29,221.06,80.55,10.7
2020,3,6,2,3,2,N1P1,4,1.778889109,0.3808058,25,146.96,23.39,21.84
2020,3,7,3,2,2,N1P1,5,1.22092569,0.4341098,27,187.35,36.38,8.99
2020,3,5,3,2,1,N1P0,4,1.504111585,0.2675955,28,245.73,96.14,9.28
2020,3,5,3,3,2,N1P1,3,1.317228055,0.2538364,24,179.85,28.58,2.67
2020,3,2,3,1,0,N0P0,2,4.151446294,0.3642129,42,291.12,109.13,24.94
2020,3,4,3,3,1,N1P0,3,2.061824577,0.1591422,30,258.92,137.72,24.02
2020,3,0,3,1,0,N0P0,0,2.549044176,0.2580695,33,199.32,57.17,33.62
2020,3,7,3,1,1,N1P0,6,1.152036301,0.3786252,28,211.53,46.77,7.25
2020,3,6,3,2,2,N1P1,4,1.037499324,0.3736301,22,214.26,72.76,10.34
2020,3,0,3,2,0,N0P0,0,2.772217211,0.4475146,36,173.25,67.56,33.67
2020,3,3,3,1,0,N0P0,3,3.998447822,0.3488697,32,210.59,96.14,40.93
2020,3,8,3,3,2,N1P1,6,1.126936294,0.3975384,22,228.4,25.98,13.36
2020,3,2,3,2,0,N0P0,2,4.316514341,0.2966146,38,155.19,38.98,54.72
2020,3,5,3,1,1,N1P0,4,1.365759677,0.3705701,32,180.64,158.51,19.44
2020,3,3,3,3,2,N1P1,1,1.056458874,0.3248435,29,178.25,114.33,23
2020,3,4,3,1,0,N0P0,4,3.354885352,0.3129501,37,199.28,36.38,33.47
2020,3,3,3,2,0,N0P0,3,3.675929297,0.2814538,41,202.32,46.77,36.26
2020,3,6,3,1,1,N1P0,5,1.232614797,0.3006646,25,280.77,75.35,12.37
2020,3,4,3,2,2,N1P1,2,4.276412776,0.1909716,27,368.34,54.57,11.64
2020,3,7,3,3,2,N1P1,5,1.321164815,0.3233501,26,302.38,122.13,3.22
2020,3,2,3,3,2,N1P1,0,1.155848412,0.3307042,29,267.2,137.72,12.58
2020,3,6,3,3,2,N1P1,4,1.328609695,0.3808058,25,291.86,226.06,6.46
2020,3,0,4,2,0,N0P0,0,5.180294161,0.4475146,36,221.22,161.1,37.65
2020,3,3,4,1,0,N0P0,3,4.619061715,0.3488697,32,194.79,171.5,39.2
2020,3,6,4,2,2,N1P1,4,1.070753172,0.3736301,22,130.47,101.34,2.21
2020,3,6,4,3,2,N1P1,4,1.128223085,0.3808058,25,209.29,129.92,2.77
2020,3,0,4,1,0,N0P0,0,3.263714527,0.2580695,33,234.39,72.76,48.95
2020,3,3,4,3,2,N1P1,1,2.010685036,0.3248435,29,207.85,129.92,13.4
2020,3,5,4,3,2,N1P1,3,1.154748628,0.2538364,24,162.57,75.35,5.47
2020,3,4,4,2,2,N1P1,2,1.09124506,0.1909716,27,373.45,90.95,2.3
2020,3,8,4,3,2,N1P1,6,1.04888982,0.3975384,22,298.98,210.47,9.44
2020,3,6,4,1,1,N1P0,5,1.028692572,0.3006646,25,328.27,10.39,10.7
2020,3,5,4,1,1,N1P0,4,1.727635199,0.3705701,32,284.93,23.39,10.54
2020,3,7,4,2,2,N1P1,5,1.177851191,0.4341098,27,233.72,33.78,4.88
2020,3,4,4,1,0,N0P0,4,5.884665992,0.3129501,37,260.37,31.18,45.09
2020,3,3,4,2,0,N0P0,3,4.306374461,0.2814538,41,173.52,25.98,52.21
2020,3,4,4,3,1,N1P0,3,1.483686758,0.1591422,30,292.26,59.76,4.26
2020,3,2,4,3,2,N1P1,0,1.14987073,0.3307042,29,407.64,85.75,4.48
2020,3,7,4,3,2,N1P1,5,1.077572102,0.3233501,26,397.64,285.83,4.86
2020,3,5,4,2,1,N1P0,4,1.298418094,0.2675955,28,305.49,106.54,16.18
2020,3,2,4,1,0,N0P0,2,3.660636281,0.3642129,42,204.4,103.94,34.6
2020,3,2,4,2,0,N0P0,2,4.845684455,0.2966146,38,220.29,122.13,36.42
2020,3,7,4,1,1,N1P0,6,1.790491948,0.3786252,28,237.1,85.75,14.88
2020,3,5,5,1,1,N1P0,4,1.261669286,0.3705701,32,229.53,80.55,7.78
2020,3,4,5,2,2,N1P1,2,1.01453674,0.1909716,27,325.69,140.32,0.66
2020,3,2,5,2,0,N0P0,2,2.653742429,0.2966146,38,196.65,18.19,36.65
2020,3,0,5,2,0,N0P0,0,3.327825306,0.4475146,36,266.78,67.56,41.36
2020,3,0,5,1,0,N0P0,0,1.562983875,0.2580695,33,227.48,101.34,13.57
2020,3,3,5,3,2,N1P1,1,1.286727392,0.3248435,29,130.18,23.39,1.2
2020,3,4,5,1,0,N0P0,4,3.58987797,0.3129501,37,210.66,64.96,13.87
2020,3,7,5,1,1,N1P0,6,0.574348046,0.3786252,28,349.36,57.17,4.69
2020,3,7,5,3,2,N1P1,5,1.07750884,0.3233501,26,422.87,93.54,0.7
2020,3,8,5,3,2,N1P1,6,1.028726264,0.3975384,22,329.26,311.81,6.21
2020,3,2,5,3,2,N1P1,0,1.087159681,0.3307042,29,325.91,213.07,4.4
2020,3,4,5,3,1,N1P0,3,1.227931854,0.1591422,30,163.93,80.55,9.18
2020,3,3,5,1,0,N0P0,3,3.354360987,0.3488697,32,192.2,218.27,39.01
2020,3,6,5,3,2,N1P1,4,1.122545041,0.3808058,25,414.56,75.35,6.91
2020,3,2,5,1,0,N0P0,2,3.037951069,0.3642129,42,208.29,41.58,19.81
2020,3,6,5,1,1,N1P0,5,1.901321347,0.3006646,25,342.09,101.34,2.13
2020,3,5,5,2,1,N1P0,4,1.687170265,0.2675955,28,228.4,111.73,6.35
2020,3,7,5,2,2,N1P1,5,1.228615646,0.4341098,27,163.95,431.34,11.56
2020,3,5,5,3,2,N1P1,3,1.18922486,0.2538364,24,188.56,90.95,14.93
2020,3,6,5,2,2,N1P1,4,1.494423677,0.3736301,22,265.89,189.69,5.8
2020,3,3,5,2,0,N0P0,3,3.722009794,0.2814538,41,225.11,103.94,45.26
